{
  "project_info": {
    "project_number": "412406458526",
    "project_id": "realtime-object",
    "storage_bucket": "realtime-object.appspot.com"
  },
  "client": [
    {
      "client_info": {
        "mobilesdk_app_id": "1:412406458526:android:e60705208520e9181bb38f",
        "android_client_info": {
          "package_name": "com.example.realtime_object"
        }
      },
      "oauth_client": [
        {
          "client_id": "412406458526-jf9p9otnmhsv7m8mmrs5duu8us4ga4gv.apps.googleusercontent.com",
          "client_type": 3
        }
      ],
      "api_key": [
        {
          "current_key": "AIzaSyDmeLhNZHgriaJO5l6aOTN45QDtDZdcKb4"
        }
      ],
      "services": {
        "appinvite_service": {
          "other_platform_oauth_client": [
            {
              "client_id": "412406458526-jf9p9otnmhsv7m8mmrs5duu8us4ga4gv.apps.googleusercontent.com",
              "client_type": 3
            }
          ]
        }
      }
    }
  ],
  "configuration_version": "1"
}